county_name,white_pop,black_pop,asian_pop,hisp_pop
Abbeville,34446,12712,140,804
AcadiaParish,98870,21584,328,3464
Accomack,43798,17820,424,5910
Ada,885100,15228,23388,82090
Adair,115420,3556,1696,5646
Adams,1507388,90004,49948,484588
Addison,69482,1200,1208,1682
Aiken,241470,80208,3884,20174
Aitkin,30110,220,76,452
Alachua,375916,102292,32216,56444
Alamance,249392,64844,5644,44260
Alameda,1647186,352668,1039964,746110
Alamosa,28418,708,560,15450
Albany,533258,83716,43752,45718
Albemarle,178776,20172,11676,12626
Alcona,20148,96,40,334
Alcorn,63184,8888,256,2378
AleutiansEastBorough,1410,1232,3836,986
AleutiansWestCensusArea,3824,1408,5428,1574
Alexander,75574,9232,780,3790
Alexandriacity,212658,70236,17600,52958
Alfalfa,9972,1000,56,682
Alger,15420,2608,84,312
Allamakee,26308,504,64,1946
Allegan,224054,3948,1696,17758
Allegany,212380,19768,2460,4280
Alleghany,48826,1940,260,2670
Allegheny,1942338,302436,103736,55104
Allen,838520,114752,37100,67520
AllenParish,37096,15444,372,1176
Allendale,4334,12756,164,644
Alpena,55020,328,372,852
Alpine,1534,0,44,278
Amador,71272,3820,1272,11506
Amelia,20100,5008,116,836
Amherst,48598,12068,320,1534
Amite,14416,9368,28,332
AnchorageMunicipality,367340,36764,52644,53984
Anderson,611640,106296,7592,43252
Andrew,34104,476,200,950
Andrews,35282,848,272,21180
Androscoggin,198626,9996,1916,4200
Angelina,140452,25812,1784,39400
AnneArundel,852624,206028,44696,97596
Anoka,597958,53800,34044,34740
Anson,23176,23968,796,2012
Antelope,12328,48,48,430
Antrim,45018,180,144,1170
Apache,32026,816,696,9472
Appanoose,23966,268,160,556
Appling,28390,7308,360,3690
Appomattox,25042,5556,92,600
Aransas,43682,988,924,13120
Arapahoe,1004150,152492,80192,259362
Archer,16276,204,64,1398
Archuleta,25850,256,248,5170
Arenac,28584,160,56,606
Arkansas,25098,8036,268,1204
Arlington,355278,45052,47068,73902
Armstrong,130018,1456,296,1394
Aroostook,127134,1820,500,1812
Arthur,900,0,0,40
AscensionParish,183864,57744,3436,15084
Ashe,52704,624,276,2780
Ashland,129558,1268,720,2556
Ashley,28642,8888,108,2238
Ashtabula,180956,10032,764,8636
Asotin,42106,408,392,1978
AssumptionParish,29778,12236,192,1456
Atascosa,97510,1508,632,66326
Atchison,39226,1680,256,1176
Athens,119200,3692,4072,2530
Atkinson,12506,2772,208,4148
Atlantic,375966,84432,40780,102258
Atoka,19944,1552,212,1000
Attala,19848,14272,136,730
Audrain,45656,2656,344,1656
Audubon,10722,72,60,210
Auglaize,88746,776,636,1622
Augusta,140204,9600,880,4748
Aurora,5184,44,52,394
Austin,52482,5400,468,16710
Autauga,85214,20948,1144,3342
Avery,32636,2768,188,1774
AvoyellesParish,53282,25552,432,1658
Baca,6702,104,16,810
Bacon,18018,3560,144,1916
Bailey,12890,348,164,8962
Baker,81750,13488,644,3570
Baldwin,438906,76452,5228,23170
Ballard,14708,604,100,234
Baltimore,995960,452752,102252,96148
Baltimorecity,377292,676812,31192,67304
Bamberg,10584,15808,148,640
Bandera,44064,508,200,9130
Banks,36072,1184,388,2788
Banner,1454,12,4,86
Bannock,159110,1992,2280,15676
Baraga,11944,2528,60,272
Barber,8430,116,28,412
Barbour,55990,25612,292,2600
Barnes,19632,488,204,460
Barnstable,392678,15548,6432,14470
Barnwell,22010,16928,328,1116
Barren,81970,3780,700,3050
Barron,86192,1892,476,2350
Barrow,133108,20512,6688,20274
Barry,185734,1444,2440,10980
Bartholomew,145620,4556,16548,12038
Barton,71170,1188,184,8556
Bartow,182862,23756,2012,19734
Bastrop,155300,13632,1608,70378
Bates,30916,560,80,744
Bath,31772,800,64,612
Baxter,80956,472,272,2204
Bay,482408,43460,7812,34636
Bayfield,25670,212,100,676
Baylor,6528,212,16,994
Beadle,31090,684,3628,3958
BearLake,11826,52,52,526
Beaufort,368098,85608,5476,50176
BeauregardParish,62578,10024,364,2876
Beaver,319138,20872,1628,10270
Beaverhead,17846,96,60,1040
Becker,60064,532,324,1562
Beckham,38410,3056,476,6432
Bedford,321524,20604,3120,17942
Bee,57378,10424,404,38632
Belknap,118060,1076,1088,2192
Bell,526628,176860,18908,186130
Belmont,125134,9140,588,1516
Beltrami,68764,1008,564,2432
BenHill,20042,11212,312,2096
Benewah,16124,100,48,712
Bennett,2308,48,24,416
Bennington,67746,1104,712,1580
Benson,5678,52,48,556
Bent,9540,1552,264,3596
Benton,1242492,35064,53192,208330
Benzie,34034,284,144,896
Bergen,1358604,130504,300368,391994
Berkeley,523444,126404,13688,43252
Berks,731990,62848,12392,189112
Berkshire,229494,9216,3520,12844
Bernalillo,1139786,51584,35480,683254
Berrien,277754,47096,6640,19784
Bertie,13700,23512,244,892
BethelCensusArea,3784,364,348,1006
Bexar,3376236,346104,121668,2431576
Bibb,156836,167256,6440,11940
BienvilleParish,14836,10404,76,558
BigHorn,30286,256,208,3918
BigStone,9712,68,24,208
Billings,1744,4,128,48
Bingham,83300,676,708,16734
BlackHawk,221702,24804,7004,12044
Blackford,22756,256,52,412
Bladen,39786,20008,184,5076
Blaine,65838,1180,504,13688
Blair,232864,5580,1632,3262
Blanco,22564,516,120,4696
Bland,11838,816,76,124
Bleckley,18116,6228,332,828
Bledsoe,27094,4424,100,854
Blount,360348,10508,2496,20794
BlueEarth,122502,6224,3584,5328
Boise,14798,72,120,808
Bolivar,20926,35428,768,1368
Bollinger,23542,160,48,358
BonHomme,12228,316,24,428
Bond,29748,3132,376,1188
Bonner,87330,376,380,3106
Bonneville,224712,1980,2520,31880
Boone,936820,53308,30336,57066
Borden,1242,24,0,234
Bosque,35366,928,192,7066
BossierParish,182330,55428,4156,17520
Botetourt,62912,2384,372,1172
Bottineau,11676,116,48,282
Boulder,587376,9284,30988,91158
Boundary,23082,204,212,1244
Bourbon,62772,3584,464,3520
Bowie,130066,46864,2048,14626
Bowman,5802,20,8,330
BoxButte,19624,320,96,2792
BoxElder,106688,856,780,10862
Boyd,92104,4024,544,1850
Boyle,52950,5668,496,2074
Bracken,16146,148,8,282
Bradford,159836,16600,928,4574
Bradley,210974,16960,2308,17768
Branch,82252,3664,552,4408
Brantley,35696,1620,128,866
Braxton,27168,296,52,254
Brazoria,560660,115400,49064,236302
Brazos,365038,49568,31216,120150
Breathitt,24588,212,176,292
Breckinridge,39030,932,136,796
Bremer,48258,688,520,810
Brevard,1001178,125016,27388,131224
Brewster,16992,372,296,8318
Briscoe,2876,96,12,772
Bristol,1089024,70564,27692,100286
BristolBayBorough,696,24,16,124
Bristolcity,30116,2168,264,834
Broadwater,11952,100,24,366
Bronx,1268560,1153308,125568,1599160
Brooke,42270,804,180,394
Brookings,65044,1204,2284,2452
Brooks,32672,10252,488,14880
Broome,326946,24096,16812,16952
Broomfield,123742,2316,9268,17928
Broward,2463166,1106972,142440,1213964
Brown,798244,30648,21444,74084
Brule,9020,88,32,342
Brunswick,260914,47048,2152,14880
Bryan,133804,13756,2156,12064
Buchanan,235872,15700,2996,13096
Buckingham,21700,13504,156,830
Bucks,1107138,55180,62744,71320
BuenaVista,32442,1628,4120,10370
BuenaVistacity,11712,760,84,360
Buffalo,120324,1820,1776,10084
Bullitt,156696,2664,868,3744
Bulloch,105986,44124,1960,6752
Bullock,5378,14852,36,1728
Buncombe,467230,31944,6928,35740
Bureau,62628,668,480,6172
Burke,182394,33932,6952,13394
Burleigh,172880,5740,1664,5268
Burleson,30942,4504,216,7798
Burlington,648972,161044,46092,76012
Burnet,90720,2164,784,21748
Burnett,28202,240,108,616
Burt,12238,92,16,446
Butler,1293182,100504,37576,55614
Butte,400032,9416,21936,76524
Butts,34152,16808,324,1772
Cabarrus,313390,79964,20648,48068
Cabell,167846,9044,2360,2600
Cache,238454,3252,5932,28042
Caddo,37162,2520,380,7668
CaddoParish,223468,220516,5764,13776
Calaveras,83504,1212,1560,11934
CalcasieuParish,285134,100944,5696,16702
Caldwell,268832,15992,2240,57564
CaldwellParish,16232,3676,64,630
Caledonia,57632,680,524,992
Calhoun,541252,111448,12200,51270
Callahan,26410,496,172,2794
Callaway,82080,5032,528,1946
Calloway,71862,3540,1280,2132
Calumet,94850,968,2244,4556
Calvert,149928,23984,3004,8136
Camas,2088,12,8,140
Cambria,244520,10712,1300,4592
Camden,888356,228416,60292,189192
Cameron,830134,7788,6848,761856
CameronParish,12996,568,44,592
Camp,20586,3968,356,6782
Campbell,433436,23008,3796,16722
Canadian,246444,12312,8824,29022
Candler,15568,5032,228,2662
Cannon,28146,624,96,726
Canyon,428394,4032,4552,117894
CapeGirardeau,137978,11812,2920,3894
CapeMay,168894,9572,1644,14904
Carbon,209626,4220,1196,18302
Caribou,13904,24,64,912
Carlisle,9064,156,32,234
Carlton,63878,2216,448,1306
Caroline,95394,25636,1432,8438
Carroll,953398,75800,11356,51190
Carson,11196,140,52,1152
CarsonCity,99150,3844,2836,27778
Carter,246732,9572,1692,10776
Carteret,125254,8116,1536,6134
Carver,193682,4724,6432,9146
Cascade,143878,3356,1460,7720
Casey,31344,328,96,952
Cass,866968,53552,17560,48186
Cassia,45506,448,376,13062
Castro,14120,452,84,9894
Caswell,29172,14960,284,2070
CatahoulaParish,12832,6684,8,330
Catawba,267580,28012,13692,32350
Catoosa,125898,4012,1692,4296
Catron,6486,72,12,1340
Cattaraugus,139838,2728,1232,3270
Cavalier,7208,48,20,108
Cayuga,141046,10304,832,4802
Cecil,181654,15244,2676,9640
Cedar,80232,496,296,1978
Centre,285380,16384,22244,9822
CerroGordo,80186,2088,972,4316
Chaffee,38220,1360,328,4054
Chambers,114730,32268,2060,22614
Champaign,374696,56920,48156,27552
Chariton,14178,384,36,130
Charles,135864,154508,9776,20422
CharlesCity,6232,5808,60,252
CharlesMix,11700,144,32,690
Charleston,573016,199704,14116,43542
Charlevoix,49786,296,264,1156
Charlotte,358882,29544,4288,29732
Charlottesvillecity,66870,16256,6492,5490
Charlton,17260,11076,260,1444
Chase,12746,188,20,1412
Chatham,429432,240508,19256,56726
Chattahoochee,15338,4968,840,3686
Chattooga,43028,6180,276,2720
Chautauqua,243184,8420,1584,19990
Chaves,118714,3192,1356,74752
Cheatham,77330,1820,268,2748
Cheboygan,46946,460,156,752
Chelan,143904,1576,1616,43610
Chemung,147374,13532,2428,5400
Chenango,91052,1148,548,2174
Cherokee,835388,82128,12476,99456
Cherry,10134,76,76,372
Chesapeakecity,301656,142040,15444,32478
Cheshire,145244,1596,2572,3010
Chester,964242,89760,63544,82540
Chesterfield,539344,187944,25380,70960
Cheyenne,25610,256,312,2182
Chickasaw,41380,14880,224,2524
Chicot,8698,10928,156,1200
Childress,12542,2700,120,4636
Chilton,77354,8988,348,7272
Chippewa,197194,14112,2696,5792
Chisago,107290,2572,1412,2698
Chittenden,295778,9116,13712,8058
Choctaw,44010,17020,220,1916
Chouteau,8840,24,36,322
Chowan,17448,8704,220,1044
Christian,332658,35144,3620,18098
Churchill,41878,1512,1268,7212
Cibola,27582,836,272,20522
Cimarron,4050,20,12,996
Citrus,278118,9724,4188,18332
Clackamas,743336,11156,37152,75358
Claiborne,63504,15348,572,1166
ClaiborneParish,14346,19404,152,486
Clallam,134704,2644,2216,10152
Clare,59694,636,144,1302
Clarendon,34064,30600,540,2170
Clarion,74304,1112,464,838
Clark,4655808,660168,472852,1567190
Clarke,255588,95488,10420,33964
Clatsop,74470,768,1180,6952
Clay,1236354,130456,27736,97898
Clayton,145944,388640,28336,79092
ClearCreek,18268,260,192,1474
Clearfield,150760,8928,1156,4920
Clearwater,31460,320,152,1156
Cleburne,76448,1040,176,1996
Clermont,392218,7640,5628,8546
Cleveland,607218,72784,28744,60272
Clinch,9146,3472,44,766
Clinton,730470,27580,6452,32520
Cloud,16702,216,308,594
Coahoma,9252,31356,228,734
Coal,7692,116,32,480
Cobb,948496,404812,81996,202244
Cochise,220930,13188,4292,89976
Cochran,5174,264,32,3474
Cocke,68414,1588,308,1864
Coconino,188638,4600,5252,41084
Codington,52780,584,276,1364
Coffee,242416,48740,3160,24100
Coffey,15588,156,144,456
Coke,6388,88,8,1498
Colbert,88880,16432,608,3578
Cole,128494,21540,2028,4502
Coleman,15058,556,152,2868
Coles,93966,4116,944,2760
Colfax,40992,2112,576,21542
Colleton,44990,25548,336,2460
Collier,687746,56736,10480,219874
Collin,1433342,211820,332868,321272
Collingsworth,5132,340,28,1988
ColonialHeightscity,26276,5372,1024,2276
Colorado,35968,5432,268,13178
Colquitt,66304,20864,744,17852
Columbia,813504,115704,18640,53760
Columbiana,194052,7900,676,3874
Columbus,70100,34328,560,6188
Colusa,39260,656,608,26036
Comal,290390,8972,3440,87648
Comanche,187942,45472,5832,40712
Concho,5110,172,172,1894
ConcordiaParish,22460,15604,216,660
Conecuh,12490,10096,44,554
Conejos,15038,172,136,8422
ContraCosta,1502566,209068,398520,600840
Converse,26460,208,136,2326
Conway,35352,4680,168,1672
Cook,6773550,2242360,779080,2640902
Cooke,75882,3236,712,15614
Cooper,31544,3700,184,748
Coos,177510,1816,1604,9984
Coosa,14236,6424,24,560
Copiah,26008,27484,224,1868
Corson,2466,52,64,432
Cortland,89916,2212,768,2708
Coryell,111624,26552,2680,28698
Coshocton,70658,888,184,858
Costilla,6834,188,136,4756
Cottle,2406,324,0,678
Cotton,9152,320,28,948
Cottonwood,20444,356,920,1870
Covington,85720,21152,508,2268
Covingtoncity,9118,1608,80,246
Coweta,227978,51400,6076,21700
Cowley,62060,2360,1284,7840
Cowlitz,201404,2980,2876,20650
Craig,28476,1392,172,1280
Craighead,175364,34552,3048,11586
Crane,8846,396,80,6342
Craven,146750,42452,5768,15540
Crawford,636650,20408,6828,32878
Creek,112872,3532,1012,6584
Crenshaw,19878,6036,320,666
Crisp,23334,18424,640,1692
Crittenden,58312,48520,576,2876
Crockett,30010,3980,156,7692
Crook,60828,596,304,4104
Crosby,10618,460,44,6500
Cross,24294,7244,276,656
CrowWing,124816,1284,460,2002
Crowley,10002,2520,228,3972
Culberson,3936,104,100,3164
Cullman,160376,2540,896,7504
Culpeper,83578,16192,1808,12196
Cumberland,1710002,374636,57360,215894
Cuming,17130,128,48,1828
Currituck,50246,3292,364,2424
Curry,125920,7648,2000,45924
Custer,125178,2940,1092,14314
Cuyahoga,1568960,686700,80148,154686
Dade,45100,584,392,1092
Daggett,1812,8,12,84
Dakota,750474,69096,44184,80590
Dale,72546,19160,1004,6900
Dallam,13448,452,148,6930
Dallas,3737776,1210540,362000,2162240
Dane,928496,61316,68632,71526
Daniels,3184,24,0,108
Danvillecity,35952,36764,1120,3764
Dare,69454,2260,440,5722
Darke,99414,828,452,1726
Darlington,74666,50168,648,2890
Dauphin,397786,101828,28740,55112
Davidson,1196006,382012,57448,169336
Davie,77108,5208,616,6214
Daviess,263436,12840,4368,10430
Davis,672688,11800,13132,72534
Davison,36730,464,192,1466
Dawes,15368,440,344,988
Dawson,130684,7572,1364,34028
Day,9426,60,32,270
DeBaca,3220,36,8,1606
DeKalb,1003848,787184,103444,182214
DeSoto,309610,113588,5876,43254
DeSotoParish,33646,18248,156,1644
DeWitt,65804,4876,276,15454
DeafSmith,34894,904,192,27522
Dearborn,96228,780,384,1390
Decatur,122352,23280,1576,6106
DeerLodge,16850,108,84,676
Defiance,72582,1796,352,7894
DelNorte,43440,3536,1640,11192
Delaware,1513226,275700,107040,71734
Delta,135364,1896,912,11598
DenaliBorough,3478,108,244,160
Dent,29740,228,92,596
Denton,1341734,183840,166984,347810
Denver,1176940,142696,53564,425968
DesMoines,69784,4856,644,2644
Deschutes,372070,2600,4092,32648
Desha,11214,9956,188,1462
Deuel,11904,92,24,618
Dewey,10930,188,152,1326
Dickens,3906,408,68,1342
Dickenson,28126,152,56,302
Dickey,9322,116,32,336
Dickinson,117000,1092,724,3422
Dickson,99958,4688,668,4180
DillinghamCensusArea,1552,112,88,364
Dillon,28690,26984,288,1728
Dimmit,19386,368,144,17736
Dinwiddie,36980,17460,304,2154
DistrictofColumbia,649162,589404,53320,158954
Divide,4228,156,68,130
Dixie,29392,4748,132,1416
Dixon,10852,92,28,1658
Doddridge,16142,656,36,112
Dodge,302328,25352,1960,22708
Dolores,3846,24,12,260
Doniphan,14068,700,44,418
Donley,5948,380,32,740
Dooly,12766,14452,232,1882
Door,53328,496,280,1916
Dorchester,265904,95672,6992,22688
Dougherty,46186,112992,1640,5378
Douglas,2478056,290548,109236,318532
Do√±aAna,400736,11688,5464,300066
Drew,25258,9632,232,1368
DuPage,1466628,90904,229408,269020
Dubois,82930,788,580,7448
Dubuque,180104,7424,2444,5120
Duchesne,36258,276,180,3312
Dukes,31134,1676,304,1342
Dundy,3236,24,0,250
Dunklin,50030,5828,440,4062
Dunn,92856,1088,2836,2364
Duplin,82706,27428,896,27034
Durham,347506,216900,34352,87856
Dutchess,476668,74416,20756,75920
Duval,1182370,550336,89908,221406
Dyer,61314,10064,504,2662
Eagle,104140,2316,1296,32762
Early,9368,9436,132,464
EastBatonRougeParish,418908,381180,30760,38760
EastCarrollParish,3994,10360,64,374
EastFelicianaParish,21086,18568,88,686
Eastland,34614,920,224,6242
Eaton,192138,15576,5828,12494
EauClaire,191930,3168,8820,5562
Echols,7024,484,44,2388
Ector,299572,18716,4100,207976
Eddy,112642,2924,980,59294
Edgar,33550,220,104,462
Edgecombe,40896,53224,300,5106
Edgefield,33958,20664,312,3380
Edmonson,23328,708,48,358
Edmunds,7414,32,32,170
Edwards,21306,216,72,3498
Effingham,171600,18556,1812,7826
ElDorado,341872,4568,16512,50756
ElPaso,2742380,183796,60332,1647722
Elbert,76594,11124,812,6366
Elk,63306,408,248,748
Elkhart,369228,25376,4428,69160
Elko,93000,1816,1164,26036
Elliott,14206,1124,40,176
Ellis,371882,44584,3740,103360
Ellsworth,11154,1272,84,770
Elmore,171254,35436,2740,14900
Emanuel,28448,15548,368,2082
Emery,19294,96,100,1296
Emmet,79094,860,476,3078
Emmons,6246,16,28,74
Emporiacity,3364,6348,96,692
Erath,80186,1900,856,18410
Erie,2057474,295376,80288,136482
Escambia,484020,164084,19040,39692
Esmeralda,1482,88,20,336
Essex,2217440,745640,148052,734356
Estill,27666,140,24,354
Etowah,165002,30168,1648,8460
Eureka,3726,64,40,536
EvangelineParish,46410,19304,416,2698
Evans,13914,6352,204,2510
FairbanksNorthStarBorough,146460,11864,6052,15876
Fairfax,1484356,238504,441396,379030
Fairfaxcity,33768,3140,8592,8464
Fairfield,1769702,278012,111240,396082
FallRiver,11656,244,168,516
Fallon,5480,8,44,92
Falls,24860,7304,204,8316
FallsChurchcity,23342,1472,2540,3108
Fannin,113908,6832,936,9864
Faribault,26320,276,72,2002
Faulk,4498,36,8,46
Faulkner,210656,28896,2940,10554
Fauquier,123962,11104,2148,13044
Fayette,1277482,206736,40620,87348
Fentress,36146,168,128,582
Fergus,21102,68,36,486
Ferry,11614,168,164,736
Fillmore,51640,348,220,1188
Finney,64458,4428,3232,37026
Fisher,7036,320,40,2160
Flagler,193032,23984,4784,25016
Flathead,197252,652,1444,6262
Fleming,28248,444,80,428
Florence,155640,107260,4364,7866
Floyd,439846,39400,5276,37892
Fluvanna,44006,6908,392,2096
Foard,2126,100,8,432
FondduLac,194024,4100,3476,11176
Ford,87010,2852,1016,38638
Forest,25528,6376,88,1460
Forrest,88688,50756,1636,4448
Forsyth,888638,212416,93460,148868
FortBend,888534,325472,329784,404984
Foster,6204,32,24,148
Fountain,31844,224,68,870
Franklin,3546890,716384,166704,339776
FranklinParish,26402,12312,132,672
Franklincity,6194,8144,132,428
Frederick,580516,65156,27260,71382
Fredericksburgcity,39224,12844,1436,6344
Freeborn,56382,1052,1940,6200
Freestone,31436,6864,360,6338
Fremont,183748,8176,1740,22084
Fresno,1530404,117204,219600,1074360
Frio,36976,2796,1940,32432
Frontier,5112,36,4,166
Fulton,1314278,875628,165608,170094
Furnas,9072,64,36,456
Gadsden,38296,46488,436,9988
Gage,41452,432,268,1238
Gaines,40788,1164,200,18284
Galaxcity,11286,908,92,2068
Gallatin,243116,1584,3696,10190
Gallia,56362,1616,408,858
Galveston,549170,85576,22028,173704
Garden,3552,24,0,202
Garfield,235752,6324,2544,52278
Garland,172872,17016,1360,11800
Garrard,33862,804,68,766
Garrett,56464,856,144,692
Garvin,45538,1424,308,5258
Garza,11092,1180,100,6476
Gasconade,28570,236,104,478
Gaston,348594,74920,6704,34028
Gates,15100,7004,84,552
Geary,44014,12420,1764,10296
Geauga,181496,2284,1060,3074
Gem,34428,112,212,3124
Genesee,717558,157408,8372,32956
Geneva,45790,4724,176,2190
Gentry,12748,92,68,246
George,43946,4200,148,1490
Georgetown,84700,34520,632,3980
Gibson,141576,18336,664,3960
Gila,84514,984,816,20432
Gilchrist,33912,3076,200,2224
Giles,83084,6568,552,2400
Gillespie,52084,412,252,12858
Gilliam,3576,16,36,282
Gilmer,73326,4420,524,8278
Gilpin,11678,208,160,882
Glacier,8668,124,100,982
Glades,21774,5204,224,6028
Gladwin,49432,348,184,996
Glascock,5296,444,12,110
Glasscock,2736,44,4,1108
Glenn,50584,904,1768,24158
Gloucester,549862,68080,17492,41822
Glynn,117984,41620,2500,11660
Gogebic,26162,212,76,502
GoldenValley,4904,44,20,198
Goliad,14084,836,80,5488
Gonzales,37012,3296,180,21378
Goochland,38212,7624,792,1470
Goodhue,87506,1564,592,3170
Gooding,28614,188,260,8858
Gordon,106098,5248,1892,19138
Goshen,25032,432,376,2862
Gosper,3846,24,20,236
Gove,5120,52,52,164
Grady,128550,16352,872,12686
Grafton,166310,2296,6608,4558
Graham,82896,2532,776,26584
Grainger,45254,464,120,1584
Grand,47600,616,496,5096
GrandForks,120550,7264,4100,6496
GrandIsle,13602,144,68,302
GrandTraverse,177014,1824,1232,5518
Granite,6496,32,40,164
Grant,616924,19720,5276,129294
GrantParish,36266,9852,284,2288
Granville,77984,39516,772,10294
Gratiot,74188,9612,344,5160
Graves,68888,3172,416,5360
Gray,50802,4008,332,14984
GraysHarbor,130684,3112,2076,15490
Grayson,318512,20372,4436,40672
Greeley,7036,48,8,590
Green,92526,1168,452,2736
GreenLake,36456,472,288,1958
Greenbrier,65406,2104,368,1454
Greene,1402092,120188,25848,61014
Greenlee,17120,448,120,9052
Greensville,8562,17452,132,632
Greenup,68096,732,364,800
Greenville,798754,181588,26396,99584
Greenwood,102372,40884,1704,9260
Greer,9500,1664,48,1366
Gregg,184510,48824,3328,47648
Gregory,7418,52,20,142
Grenada,22944,16404,220,666
Griggs,4386,24,8,58
Grimes,46830,10560,236,14264
Grundy,166492,2508,1076,11910
Guadalupe,291858,30784,5420,135266
Guernsey,74278,1512,340,894
Guilford,601250,347324,55712,90382
Gulf,23206,3380,108,828
Gunnison,32784,300,268,3354
Guthrie,20800,168,60,600
Gwinnett,1007542,521592,224368,407246
Haakon,3534,8,12,66
Habersham,82176,2468,2092,14094
HainesBorough,4036,36,16,182
Hale,72170,20536,548,40776
Halifax,81406,73972,1224,4608
Hall,472270,38436,9980,156624
Hamblen,118630,5872,1108,15748
Hamilton,2358320,575140,107212,141458
Hamlin,11950,96,36,552
Hampden,770806,97572,23648,245624
Hampshire,327940,11916,15700,19558
Hampton,17004,20416,232,1602
Hamptoncity,110956,127040,5692,16736
Hancock,621650,33192,7084,21536
Hand,6246,12,16,86
Hanover,185266,19972,3596,6694
Hansford,10290,128,36,5320
Hanson,6664,80,40,102
Haralson,55130,2660,400,1178
Hardee,47592,4512,580,23514
Hardeman,34722,24384,436,2812
Hardin,432240,38216,5868,24152
Harding,3626,68,8,654
Hardy,25934,1068,200,1350
Harford,402660,72884,14652,24430
Harlan,56528,1180,220,716
Harmon,4322,484,80,1590
Harnett,193920,58516,2856,36356
Harney,13400,188,68,758
Harper,17290,124,56,2340
Harris,6613508,1776284,672868,4124764
Harrison,697644,133148,13120,47632
Harrisonburgcity,87564,9812,4728,21996
Hart,76168,12132,684,2692
Hartford,1333718,270132,108272,334550
Hartley,10050,1412,104,3112
Harvey,64414,1400,628,8356
Haskell,36300,956,364,6924
Hawaii,137208,4132,79232,51998
Hawkins,109402,1840,456,1896
Hayes,1796,8,4,100
Hays,414254,22260,7612,184548
Haywood,135874,17668,716,6816
Heard,20724,2252,156,700
Hemphill,7254,52,88,2614
Hempstead,28312,11988,172,5728
Henderson,509074,30692,4264,50910
Hendricks,294852,29276,10368,14648
Hendry,69974,9536,836,46518
Hennepin,1879000,347936,189192,176946
Henrico,377234,183252,60356,39468
Henry,715534,255056,18320,58870
Herkimer,117758,2076,632,2828
Hernando,347644,23128,4872,57552
Hertford,16826,27816,456,1964
Hettinger,4642,28,4,138
Hickman,54170,4752,156,1506
Hickory,18318,112,36,390
Hidalgo,1692794,17604,17888,1611778
Highland,87010,1432,332,1150
Highlands,181456,21300,2940,44818
Hill,88894,5052,548,16882
Hillsborough,2930998,527796,162000,934530
Hillsdale,88160,736,388,2210
Hinds,116258,313056,2892,7226
Hinsdale,1528,24,20,94
Hitchcock,5402,24,4,188
Hocking,54804,480,172,644
Hockley,42720,1856,304,22424
Hodgeman,3310,48,216,246
Hoke,54162,38376,1304,15390
Holmes,126898,31244,408,2462
Holt,28070,144,116,1244
Honolulu,420732,66496,773656,194562
Hood,117620,1532,916,15796
HoodRiver,43638,440,740,14896
Hooker,1330,0,8,40
Hoonah-AngoonCensusArea,2098,164,52,256
Hopewellcity,22714,17532,528,3828
Hopkins,146214,11412,1000,14888
Horry,586968,86568,8300,43182
HotSpring,57710,8644,220,2490
HotSprings,8368,64,36,394
Houghton,66764,868,2600,1278
Houston,420068,163832,12256,34160
Howard,642040,149808,126508,89854
Howell,76996,552,352,1780
Hubbard,40338,300,176,1018
Hudson,870390,191156,220764,573962
Hudspeth,8812,488,152,7518
Huerfano,12242,192,136,4678
Hughes,46742,2928,332,2688
Humboldt,274394,5324,7808,42842
Humphreys,38670,12488,192,1580
Hunt,170550,15520,2864,34766
Hunterdon,226306,7100,10724,17388
Huntingdon,82882,9780,616,1868
Huntington,70618,604,428,2014
Huron,172296,2312,728,9654
Hutchinson,52432,1540,328,10410
Hyde,9200,3104,40,1008
IberiaParish,86458,43376,3812,6010
IbervilleParish,32294,31956,344,1806
Ida,13358,80,68,434
Idaho,31118,208,144,1186
Imperial,326888,17268,7868,308176
Independence,70956,1980,620,5028
IndianRiver,277432,29812,5136,40766
Indiana,159344,6520,1572,2292
Ingham,442142,71408,41244,46762
Inyo,28808,544,572,8460
Ionia,119452,11904,644,6254
Iosco,47872,500,368,1300
Iowa,77262,700,508,1998
Iredell,299090,42488,9680,29206
Irion,2924,36,16,786
Iron,153950,1404,1080,10860
Iroquois,52258,864,256,3956
Irwin,13156,5928,132,726
Isabella,123104,3572,2352,5778
Isanti,77280,860,876,1816
Island,145126,6672,6772,13940
IsleofWight,53962,16272,588,2516
Issaquena,926,2196,20,44
Itasca,83552,616,232,1466
Itawamba,42572,3416,252,796
Izard,25904,1016,80,692
Jack,16596,1280,124,3102
Jackson,2796406,482192,55092,288360
JacksonParish,21788,9376,92,556
JamesCity,122946,19980,3488,9384
Jasper,503018,66692,4552,41956
Jay,39884,280,124,1326
JeffDavis,28942,4500,256,5350
Jefferson,4842754,1200416,145308,523910
JeffersonDavis,8644,12232,76,424
JeffersonDavisParish,50154,10224,204,1708
JeffersonParish,561646,227636,36844,129054
Jenkins,9482,8076,108,1084
Jennings,53772,544,200,1456
Jerauld,3910,24,8,188
Jerome,46224,412,268,18224
Jersey,42016,400,152,628
Jessamine,99186,4820,1176,3996
Jewell,5606,28,32,148
JimHogg,10100,100,56,9642
JimWells,78006,1112,360,64826
JoDaviess,41320,392,172,1340
Johnson,2186590,130136,103040,221392
Johnston,345954,68508,3528,60206
Jones,221356,67880,1680,20646
Josephine,162508,1272,1556,13440
Juab,23056,172,92,1396
JudithBasin,3920,0,16,78
Juneau,50118,2432,228,1694
JuneauCityandBorough,43884,1180,4116,4472
Juniata,48090,512,152,2112
Kalamazoo,430392,60904,14476,27646
Kalawao,48,0,24,2
Kalkaska,34486,336,200,786
Kanabec,31288,232,228,552
Kanawha,316056,27052,3696,4166
Kandiyohi,77868,6420,1028,10888
Kane,936548,63368,44716,345468
Kankakee,178770,32180,2292,23834
Karnes,27536,5144,144,17606
Kauai,47768,1084,42484,16426
Kaufman,221316,36180,3728,63326
Kay,69458,2256,476,7212
Kearney,12640,64,36,848
Kearny,7194,100,36,2504
Keith,15386,236,112,1250
Kemper,6650,12096,16,184
KenaiPeninsulaBorough,97780,1164,1692,5012
Kendall,311298,21740,9156,75042
Kenedy,728,48,24,592
Kennebec,234238,2476,2132,4112
Kenosha,295718,24808,5312,45634
Kent,1652512,244512,59796,189934
Kenton,304596,17364,4152,11474
Keokuk,20006,188,44,384
Kern,1481918,121184,95000,983090
Kerr,98672,2420,1124,28870
Kershaw,96594,30308,912,6466
KetchikanGatewayBorough,18750,368,2052,1550
Kewaunee,39748,320,128,1384
Keweenaw,4116,8,0,72
KeyaPaha,1580,0,16,16
Kidder,4820,20,36,234
Kimball,6786,36,36,676
Kimble,8346,96,64,2162
King,2982802,327712,863244,445376
KingGeorge,41800,8580,788,3136
KingWilliam,27216,4884,344,982
KingandQueen,9688,3608,52,440
Kingfisher,28466,668,104,5148
Kingman,13748,56,64,544
Kings,2795936,1568164,637288,1136386
Kingsbury,9510,68,36,250
Kinney,6840,200,36,4556
Kiowa,21734,960,136,2608
KitCarson,13480,136,72,2720
Kitsap,447728,20956,24724,44754
Kittitas,87778,1260,2128,8638
Kittson,8324,32,52,214
Klamath,120694,1396,1448,18792
Kleberg,55692,2928,1800,45022
Klickitat,41608,368,332,5258
Knott,28926,348,48,312
Knox,1249892,97684,25928,57812
KodiakIslandBorough,14286,452,5612,2246
Koochiching,23024,196,56,320
Kootenai,313266,1588,2260,16372
Kosciusko,151320,2208,3068,12966
Kossuth,28646,348,132,990
KusilvakCensusArea,626,276,80,498
LaCrosse,215420,4312,10980,4946
LaGrange,77552,512,336,3332
LaMoure,7932,40,8,138
LaPaz,32368,556,344,11964
LaPlata,99130,996,704,14358
LaPorte,186484,30272,1300,15162
LaSalle,219488,9344,1552,35368
LaSalleParish,25336,4520,100,854
Labette,34784,1924,208,1828
Lackawanna,379276,18892,12944,35204
Laclede,68212,752,320,1836
LacquiParle,12760,164,100,328
Lafayette,194646,32984,3028,9100
LafayetteParish,337802,124008,9536,22528
LafourcheParish,157098,24796,1840,8536
Lake,3110716,430248,153952,687734
LakeandPeninsulaBorough,754,48,72,110
LakeoftheWoods,7036,64,84,128
Lamar,226176,49436,2764,13640
Lamb,23512,1128,108,14460
Lamoille,48630,736,316,938
Lampasas,38492,2032,492,8316
Lancaster,1694506,136560,59168,178804
Lander,9858,120,76,2562
Lane,683280,11248,21300,71520
Langlade,36534,520,176,814
Lanier,15188,4744,220,1328
Lapeer,168380,3456,928,8260
Laramie,182784,6072,2596,29686
Larimer,660672,9668,15876,85050
Larue,27154,1000,92,926
LasAnimas,26120,964,404,11722
Lassen,49480,9572,1072,11820
Latah,74070,1048,1772,3634
Latimer,13180,360,96,852
Lauderdale,272430,97980,2808,10080
Laurel,117976,1204,692,1964
Laurens,153886,64356,1784,9898
Lavaca,36580,2520,172,7900
Lawrence,723180,34748,3764,19882
LeFlore,76592,2584,632,7170
LeSueur,55836,548,336,3912
Lea,129788,6812,912,85410
Leake,22520,20492,252,2210
Leavenworth,138584,19736,2280,11880
Lebanon,262622,11800,3636,40116
Lee,2053788,341436,44260,407776
Leelanau,40472,284,244,1960
Leflore,13038,38704,400,1588
Lehigh,608884,73416,27504,193840
Lemhi,15364,72,40,568
Lenawee,184530,8344,788,16098
Lenoir,62020,42344,712,8844
Leon,392608,171220,21100,44460
Leslie,19352,84,48,154
Letcher,42334,272,72,362
Levy,72230,7396,652,7280
Lewis,305078,4068,2496,19866
LewisandClark,130216,724,864,4766
Lexington,474862,87844,12728,37588
Lexingtoncity,12686,1444,516,534
Liberty,227634,75548,3212,67182
Licking,321116,15260,7608,7348
Limestone,197080,36744,3204,22890
Lincoln,1122254,63520,7848,69070
LincolnParish,52248,35104,1796,2906
Linn,681096,32424,13956,41296
Lipscomb,5942,184,24,2228
Litchfield,336362,9604,7616,25600
LittleRiver,18500,4476,80,914
LiveOak,22466,2140,240,9964
Livingston,600146,12872,5512,19164
LivingstonParish,254366,19320,1772,11440
Llano,41804,556,192,4716
Logan,419104,24776,3496,22142
Long,25676,11148,492,4314
Lonoke,131638,9012,956,6700
Lorain,533860,58056,7580,64370
LosAlamos,34052,628,2620,7148
LosAngeles,14196618,1707268,2890064,9763940
Loudon,103194,1892,816,9974
Loudoun,554504,67032,164000,115016
Louisa,81380,11744,1360,6056
Loup,1312,12,4,52
Love,17154,660,140,3324
Loving,320,8,4,46
Lowndes,202046,143016,5648,16822
Lubbock,537530,48628,15028,225412
Lucas,652460,163720,13976,63618
Luce,9768,2952,40,214
Lumpkin,63656,1332,516,3420
Luna,43908,884,468,32192
Lunenburg,15344,9172,80,1314
Luzerne,566678,47192,8180,87480
Lycoming,208410,10112,1452,4872
Lyman,4184,52,32,194
Lynchburgcity,108930,42552,4196,7408
Lynn,11100,348,40,5566
Lyon,246280,7392,5880,39938
Mackinac,15986,808,208,426
Macomb,1403104,200412,72472,48168
Macon,321116,80400,4120,15162
Macoupin,87212,932,256,1136
Madera,270366,9072,7820,184966
Madison,2229970,439808,41296,128772
MadisonParish,7786,13544,92,488
Magoffin,23940,76,36,292
Mahaska,41868,1068,724,1076
Mahnomen,5102,76,20,470
Mahoning,367242,70528,4044,29544
Major,14048,148,60,1542
Malheur,56218,1556,976,21182
ManassasParkcity,23564,5612,3816,14348
Manassascity,60030,12528,4964,31312
Manatee,693366,70828,16668,136188
Manistee,44970,3084,164,1720
Manitowoc,147886,2108,4480,6996
Marathon,246358,3020,16668,8104
Marengo,17586,17612,100,1056
Maricopa,7427792,574008,392784,2817710
Maries,16752,140,36,256
Marin,441642,18520,28948,84320
Marinette,77954,576,356,1596
Marion,3132442,711532,106464,522504
Mariposa,30728,480,560,4146
Marlboro,21488,28300,240,1786
Marquette,154314,4040,836,3258
Marshall,653834,49280,6300,74110
Martin,404152,40792,4816,56002
Martinsvillecity,12152,11056,324,1620
Mason,289068,6528,2204,20560
Massac,24892,1684,152,874
Matagorda,61288,7832,1484,31708
Matanuska-SusitnaBorough,178750,3328,2872,11226
Mathews,15566,1436,112,480
Maui,116878,2976,91496,38740
Maury,162140,21476,1536,12006
Maverick,112948,992,908,111708
Mayes,54908,716,396,3114
McClain,69388,916,304,6712
McCone,3174,28,4,60
McCook,10752,112,20,476
McCormick,10152,9388,92,272
McCracken,111488,13532,1096,3560
McCreary,31450,3868,204,932
McCulloch,14854,540,156,5276
McCurtain,42780,5196,732,4070
McDonald,39542,1036,752,5206
McDonough,53364,3044,1484,1748
McDowell,116226,7108,1028,6332
McDuffie,23716,16208,184,1428
McHenry,583536,11996,16784,85702
McIntosh,50332,10304,304,1932
McKean,77410,3564,528,1750
McKenzie,25306,784,280,2916
McKinley,23206,1016,1348,20296
McLean,321896,28064,18292,18536
McLennan,410548,71296,8588,138492
McLeod,69320,688,572,4764
McMinn,99540,4224,744,4812
McMullen,1390,40,4,626
McNairy,46976,3148,164,1166
McPherson,59890,988,416,2632
Meade,111634,4132,984,6228
Meagher,3606,20,0,68
Mecklenburg,1311328,686576,142448,307760
Mecosta,80772,2508,800,2106
Medina,439878,10492,5084,62586
Meeker,45174,464,140,1980
Meigs,68198,992,144,902
Mellette,1558,40,4,144
Menard,27692,340,68,1974
Mendocino,149312,2516,3068,44758
Menifee,12386,584,20,154
Menominee,43960,424,372,1522
Merced,456290,22728,43612,338884
Mercer,944674,172812,88772,145108
Meriwether,24778,15124,268,1054
Merrick,14954,96,108,780
Merrimack,284696,5720,6380,6918
Mesa,289722,3424,2500,45692
Metcalfe,19450,392,48,414
Miami,329818,13164,3992,8804
Miami-Dade,4295422,927580,83236,3772728
Middlesex,3816898,400668,834720,654480
Midland,466578,27532,11712,167552
Mifflin,89526,1028,560,1556
Milam,42918,4624,360,13320
Millard,24750,220,404,3392
MilleLacs,47452,388,304,1374
Miller,118764,23972,752,4528
Mills,38642,440,140,2830
Milwaukee,1214710,475380,87164,295222
Miner,4274,60,8,142
Mineral,66762,2152,572,2094
Mingo,45138,948,136,402
Minidoka,39630,364,212,15136
Minnehaha,333100,26504,7844,19872
Missaukee,29082,208,176,922
Mississippi,69514,35128,464,4228
Missoula,219438,1624,3388,8188
Mitchell,96736,25884,796,11566
Mobile,487690,274004,15972,24886
Modoc,15596,380,220,2582
Moffat,25090,260,196,4302
Mohave,389202,7176,4176,71838
Moniteau,30142,2436,128,1720
Monmouth,1048902,86688,66300,137860
Mono,26038,328,860,7750
Monona,16562,168,36,386
Monongalia,190530,10208,7564,4704
Monroe,2541098,368428,89336,268478
Montague,37826,424,168,4428
Montcalm,121076,5808,464,4628
Monterey,719110,36152,53544,515442
Montezuma,42990,280,264,6618
Montgomery,5497440,1217584,538148,956522
Montmorency,18026,132,28,262
Montour,33990,872,1216,1054
Montrose,80682,744,656,17844
Moody,10438,260,196,602
Moore,215958,25200,5684,38532
Mora,8428,112,52,7344
MorehouseParish,24900,22496,200,764
Morgan,667096,55688,4148,51126
Morrill,8874,52,64,1412
Morris,845892,42392,104100,139530
Morrison,64820,624,236,1236
Morrow,90140,1040,304,9870
Morton,62556,976,348,3752
Motley,2238,100,4,462
Moultrie,28270,240,72,492
Mountrail,13604,460,64,1886
Mower,70344,3700,4412,9794
Muhlenberg,57122,3740,192,950
Multnomah,1285038,98996,121284,195334
Murray,113882,1708,700,15252
Muscatine,79566,3036,968,15618
Muscogee,176992,177488,10636,30174
Muskegon,281784,48104,1860,20158
Muskingum,159042,7136,836,2082
Muskogee,81400,14724,788,8946
Musselshell,8584,72,112,344
Nacogdoches,101218,21368,1448,26092
Nance,6844,60,4,216
Nantucket,19200,2920,408,3454
Napa,230398,7440,23028,95320
Nash,103158,72268,1844,13880
Nassau,2152134,344508,288364,482778
NatchitochesParish,41606,29728,580,1918
Natrona,149702,2308,1204,13938
Navajo,111772,2900,1196,25484
Navarro,81200,12612,764,28606
Nelson,116174,7704,620,3592
Nemaha,33116,420,140,866
Neosho,30076,496,212,1874
Neshoba,34268,11304,276,1300
Ness,5278,60,4,574
Nevada,197068,6384,2576,20242
NewCastle,722024,276808,64740,116400
NewHanover,385516,58260,6628,27220
NewHaven,1321390,243824,70304,327232
NewKent,37324,7008,464,1676
NewLondon,443206,39536,22128,58886
NewMadrid,27770,4888,120,720
NewYork,2103448,538060,369376,833518
Newaygo,93632,1524,456,5838
Newberry,50940,22444,592,6026
Newport,147896,7972,3176,9772
NewportNewscity,174398,142172,10404,33756
Newton,301666,116280,4632,24204
NezPerce,72586,524,488,3264
Niagara,366414,30072,4348,13940
Nicholas,61948,320,212,740
Nicollet,63210,2744,1060,3382
Niobrara,4464,52,12,190
Noble,138120,3564,612,11170
Nobles,36752,2476,3312,12708
Nodaway,41518,1848,760,800
Nolan,26624,1544,208,11506
NomeCensusArea,3138,180,356,576
Norfolk,1096372,110144,160968,70192
Norfolkcity,239480,196456,18640,41070
Norman,11888,120,84,650
NorthSlopeBorough,6424,436,1260,852
Northampton,560626,72840,18992,89642
Northumberland,189732,13876,856,8086
NorthwestArcticBorough,1778,292,152,562
Norton,10020,708,104,590
Nortoncity,7142,448,184,306
Nottoway,17526,13784,184,1458
Nowata,13698,560,32,660
Noxubee,5572,14076,40,304
Nuckolls,7996,20,128,252
Nueces,658506,31816,14732,467294
Nye,82380,4224,1136,14262
O'Brien,26474,508,160,1470
Oakland,1893212,314576,210944,109076
Obion,52076,6208,224,2882
Ocean,1126256,42556,21620,115636
Oceana,50308,804,136,7970
Ochiltree,18600,312,148,10902
Oconee,213074,15764,4408,13882
Oconto,72880,520,332,1452
Ogemaw,40448,192,276,980
OglalaLakota,1518,144,36,1158
Ogle,97324,1456,580,10652
Oglethorpe,24244,5268,236,1526
Ohio,134960,4292,752,2974
Okaloosa,341692,47080,10092,41064
Okanogan,68612,872,724,17506
Okeechobee,73320,10280,780,21934
Okfuskee,15218,2268,88,966
Oklahoma,1125620,240408,53208,285822
Okmulgee,49894,6240,328,3394
Oktibbeha,57022,33984,3740,1718
Oldham,126208,8476,2156,6100
Oliver,3728,16,4,80
Olmsted,264620,21968,20160,16438
Oneida,470182,37996,18576,29748
Onondaga,736500,104796,33948,47604
Onslow,301598,66436,8132,51042
Ontario,205276,6300,2804,11228
Ontonagon,10978,44,56,182
Orange,7556524,909728,1499368,3284186
Orangeburg,59992,97712,1488,4080
Oregon,20086,60,32,406
Orleans,124732,6092,688,5036
OrleansParish,272566,426364,22008,42968
Osage,118994,11000,416,4946
Osborne,6560,44,32,160
Osceola,651020,106132,20332,421674
Oscoda,15936,92,24,304
Oswego,224752,3168,1284,6436
Otero,144602,7352,2084,67506
Otoe,30668,396,200,2742
Otsego,159162,3508,1724,5498
Ottawa,672686,14132,16724,67554
OtterTail,111986,2204,608,4300
Ouachita,26442,16808,248,1196
OuachitaParish,182744,107724,3240,6876
Ouray,9508,16,68,646
Outagamie,341914,6616,13904,17142
Overton,43276,364,140,738
Owen,61614,596,176,1144
Owsley,8640,48,0,152
Owyhee,21662,220,208,6092
Oxford,111630,852,1064,1748
Ozark,17694,40,16,374
Ozaukee,167360,3464,4412,5578
Pacific,40446,584,976,4560
Page,73996,2660,472,2172
PalmBeach,2234642,566528,82676,699168
PaloAlto,16898,392,168,552
PaloPinto,54546,1572,608,11768
Pamlico,19762,5276,132,1084
Panola,70360,39116,364,5730
Park,123398,1052,748,6714
Parke,32420,300,32,598
Parker,270968,5292,1640,37214
Parmer,18048,376,144,12436
Pasco,969478,73788,27536,183232
Pasquotank,46570,27732,1272,4600
Passaic,751748,140676,55024,430658
Patrick,32570,1980,88,1116
Paulding,285690,70400,3856,25630
Pawnee,42292,1536,220,2088
Payette,44972,248,452,8378
Payne,131566,7564,8444,7884
Peach,28566,22608,512,4604
PearlRiver,93800,13280,436,3610
Pecos,28940,2448,388,21848
Pembina,12754,116,40,464
Pemiscot,22290,7144,164,894
PendOreille,25012,228,212,1116
Pender,102760,18312,692,9484
Pendleton,41652,656,104,646
Pennington,215566,4432,2840,13420
Penobscot,288108,3524,3384,4472
Peoria,263496,63144,15436,18112
Pepin,14242,100,32,318
Perkins,11088,84,24,350
Perquimans,20086,5624,120,740
Perry,378504,28456,2124,7898
Pershing,11520,1140,248,3336
Person,55260,19856,348,3570
PetersburgBorough,4882,176,188,376
Petersburgcity,11500,43360,712,3220
Petroleum,940,0,0,22
Pettis,78092,3044,708,7428
Phelps,98388,2400,3992,3564
Philadelphia,1420676,1259396,234984,482850
Phillips,37650,20128,296,3060
Piatt,31816,264,148,500
Pickaway,109434,7884,656,1696
Pickens,310548,34072,6416,14144
Pickett,9914,32,12,228
Pierce,1482952,155120,113460,210528
Pike,479230,81432,4552,21372
Pima,1776512,94760,65568,790892
Pinal,765158,54132,17156,284552
Pine,54042,2348,500,1788
Pinellas,1608986,205368,63576,198816
Pipestone,16832,372,200,1390
Piscataquis,32188,244,384,504
Pitkin,33604,596,404,3742
Pitt,213644,116016,7316,23460
Pittsburg,63516,3968,336,4640
Pittsylvania,91980,25036,516,3326
Piute,2848,8,12,238
Placer,668576,16740,60784,114762
PlaqueminesParish,32202,9880,2020,3652
Platte,258588,17496,6840,28304
Pleasants,14388,448,44,138
Plumas,34050,492,348,3500
Plymouth,925432,119600,15164,46432
Pocahontas,28626,420,72,816
Poinsett,41932,3732,152,1564
PointeCoupeeParish,27226,14264,140,1236
Polk,2609214,331064,81580,508170
Pondera,9650,60,20,258
Pontotoc,105106,11676,916,8926
Pope,147520,5292,1508,12894
Poquosoncity,22882,324,488,818
Portage,427882,16372,11340,11174
Porter,313084,14832,5100,35438
Portsmouthcity,75876,94124,2756,8876
Posey,49216,568,184,626
Pottawatomie,155444,4996,1280,10300
Pottawattamie,176076,3780,1456,14782
Potter,222760,30400,14552,92322
PowderRiver,3190,4,4,78
Powell,36472,604,136,856
Power,14158,176,68,5310
Poweshiek,34900,640,536,1174
Powhatan,52192,6840,276,1374
Prairie,15966,1804,24,424
Pratt,17190,380,148,1338
Preble,79218,712,396,820
Prentiss,42050,7148,112,794
Presidio,12366,252,620,10988
PresqueIsle,24314,176,132,388
Preston,65132,1064,112,1068
Price,25426,232,172,512
PrinceEdward,28894,14664,500,1348
PrinceGeorge,46242,28412,1376,6632
PrinceGeorge's,492290,1083536,76896,355454
PrinceWilliam,586796,205664,83804,230346
PrinceofWales-HyderCensusArea,5766,112,124,482
Providence,995564,156484,56564,305212
Prowers,22916,292,140,9506
Pueblo,303136,9748,3376,145456
Pulaski,763488,301452,21052,67786
Pushmataha,16172,236,76,952
Putnam,745670,53392,9648,68988
Quay,15008,396,196,7594
QueenAnne's,90504,6560,1116,4296
Queens,2156310,856192,1168776,1269868
Quitman,5854,11076,56,342
Rabun,32560,580,320,2692
Racine,327200,47424,4736,53508
Radfordcity,31304,3104,616,1100
Rains,23400,692,196,2358
Raleigh,130328,13900,1192,2480
Ralls,19872,348,52,276
Ramsey,757418,141552,167156,83438
Randall,251880,10944,4720,63544
Randolph,532796,52568,5228,42608
Rankin,234568,64288,3820,8762
Ransom,9966,128,44,262
RapidesParish,165142,78528,3668,8388
Rappahannock,13614,628,136,646
Ravalli,83832,376,436,3216
Rawlins,4824,56,16,388
Ray,43956,876,156,1190
Reagan,7080,324,52,5436
Real,6510,84,36,1922
RedLake,7674,56,12,334
RedRiver,19088,3700,92,1680
RedRiverParish,9866,6292,40,464
RedWillow,20598,356,96,1206
Redwood,26982,372,860,1154
Reeves,29006,2852,576,23852
Refugio,12482,1012,128,7032
Reno,114826,5868,720,12076
Rensselaer,273624,24892,9384,16520
Renville,32268,236,264,2740
Republic,8956,80,64,226
Reynolds,11864,196,4,212
Rhea,62778,1612,368,3452
Rice,136912,10488,2912,13590
Rich,4828,24,12,340
Richardson,14626,108,60,292
Richland,701728,406196,27328,53252
RichlandParish,25172,13884,100,962
Richmond,926614,356632,108812,205216
Richmondcity,219916,195276,9980,33610
Riley,123974,11964,7308,12544
Ringgold,9526,80,44,264
RioArriba,59650,696,560,55336
RioBlanco,11852,168,60,1356
RioGrande,20720,280,140,10000
Ripley,80538,504,592,1472
Ritchie,18742,124,28,166
Riverside,3932494,358992,330316,2472064
Roane,127386,3036,640,2498
Roanoke,165596,12104,6100,6228
Roanokecity,125406,54844,7480,13280
Roberts,13490,208,40,982
Robertson,157944,17044,1380,18206
Robeson,79892,58844,1620,24096
Rock,315568,17800,3848,30578
RockIsland,234382,32888,7908,37506
Rockbridge,42234,1596,256,920
Rockcastle,32648,180,40,340
Rockdale,67238,96616,3272,19038
Rockingham,883380,44964,14892,43954
Rockland,507320,81540,38136,119874
Rockwall,181026,15884,6148,39084
RogerMills,6378,56,40,532
Rogers,138814,2684,2564,9312
Rolette,5214,172,56,586
Rooks,9458,68,44,240
Roosevelt,41206,1424,632,16912
Roscommon,46190,320,316,1004
Roseau,28082,216,836,444
Rosebud,9968,76,84,962
Ross,139132,13128,844,2120
Routt,49080,676,340,3546
Rowan,272548,47324,3604,27658
Runnels,19070,604,332,7144
Rush,37940,444,136,838
Rusk,113068,22436,888,19608
Russell,157442,50552,1100,9472
Rutherford,625888,116172,24316,64150
Rutland,112218,1068,856,1872
Sabine,18948,1520,60,1028
SabineParish,33206,7716,156,1874
Sac,18908,88,100,742
Sacramento,1947928,329444,505200,733528
Sagadahoc,68818,804,600,1332
Saginaw,290610,69812,5356,33034
Saguache,12446,188,116,4970
Salem,101144,17632,1176,12176
Salemcity,44380,3868,748,1806
Saline,423150,29480,6764,38724
SaltLake,2022072,57972,101632,436486
Saluda,28576,10416,128,6490
Sampson,84570,32188,732,26114
SanAugustine,12464,3260,44,1272
SanBenito,109738,2308,4552,76428
SanBernardino,3337952,397920,329388,2373616
SanDiego,5034776,397184,789116,2280066
SanFrancisco,930572,102788,589768,268618
SanJacinto,50052,5384,256,7962
SanJoaquin,1007100,126016,256684,640668
SanJuan,183100,2712,1888,55408
SanLuisObispo,502844,16604,22148,129720
SanMateo,912100,44012,442504,367956
SanMiguel,65142,1396,872,44196
SanPatricio,125522,3044,1436,78056
SanSaba,11140,824,56,3710
Sanborn,4546,24,12,148
Sanders,22354,96,88,808
Sandoval,229594,8612,3932,117226
Sandusky,108992,4204,492,11882
Sangamon,319280,47624,8264,9456
Sanilac,79948,608,296,3114
Sanpete,58138,1032,456,5886
SantaBarbara,762356,24492,51096,411070
SantaClara,2018554,115508,1496544,964596
SantaCruz,564158,9704,27704,263266
SantaFe,272536,4076,3940,153058
SantaRosa,320384,30480,5896,21716
Sarasota,793586,39856,14112,82936
Saratoga,427256,9836,12776,15542
Sargent,7290,236,88,262
Sarpy,332568,18048,8788,37722
Sauk,122526,1892,832,6950
Saunders,41844,304,176,1036
Sawyer,25882,328,140,964
Schenectady,240676,38860,15076,23080
Schleicher,5276,104,20,3050
Schley,7974,1896,108,602
Schoharie,59310,1040,448,2130
Schoolcraft,13960,64,40,214
Schuyler,56308,1200,232,1202
Schuylkill,265930,15792,1548,14698
Scioto,142186,5884,540,2098
Scotland,40668,27084,668,2408
Scott,918286,79616,31624,59094
ScottsBluff,66008,1120,540,17210
Screven,15786,11480,164,704
Scurry,30196,2720,320,13646
Searcy,14974,92,52,448
Sebastian,209186,17860,11504,37726
Sedgwick,838840,94164,44816,156012
Seminole,784314,123172,45584,215058
Seneca,165874,9616,1352,8484
Sequatchie,28968,272,120,1102
Sequoyah,53904,1736,640,3548
Sevier,258020,4884,2564,26712
Seward,71432,2312,1516,27966
Shackelford,6192,136,12,738
Shannon,15552,112,36,332
Sharkey,2374,5696,60,196
Sharp,33160,348,288,900
Shasta,315536,5088,11304,37870
Shawano,72008,580,408,2386
Shawnee,297848,29420,5076,45342
Sheboygan,206582,6868,13408,15430
Shelby,1505426,1009240,63548,175554
Shenandoah,81642,2680,784,6414
Sherburne,180566,7268,2224,5380
Sheridan,80328,796,500,3916
Sherman,26242,320,144,4526
Shiawassee,131350,1264,616,4204
Shoshone,24208,248,104,926
Sibley,28690,316,192,2766
Sierra,25374,280,188,7446
SilverBow,65456,592,460,3258
Simpson,65736,21204,544,1954
Sioux,70870,784,636,8376
Siskiyou,74760,1604,1244,11488
SitkaCityandBorough,11178,200,1236,1258
Skagit,233370,3472,5560,48100
SkagwayMunicipality,2042,24,44,158
Skamania,22436,212,204,1650
Slope,1430,20,0,62
Smith,431206,84924,7312,95490
Smyth,57606,1608,340,1210
Snohomish,1265424,70024,186596,174334
Snyder,77968,1272,496,1786
Socorro,26208,568,512,16566
Solano,533580,132748,132320,244206
Somerset,713364,101184,121900,105676
Somervell,17110,272,168,3306
Sonoma,857684,22220,40328,269908
Southampton,21964,12744,148,718
SoutheastFairbanksCensusArea,10670,368,288,964
Spalding,82082,43336,1260,6638
Spartanburg,473334,124404,15396,46608
Spencer,76556,1276,212,2304
Spink,12168,92,8,434
Spokane,929996,24340,22756,63670
Spotsylvania,205518,47080,6572,29206
St.BernardParish,66250,20680,2012,9752
St.Charles,720532,41800,20864,27508
St.CharlesParish,74590,27144,1004,6768
St.Clair,810404,172424,9740,38388
St.Croix,173870,1968,1604,4754
St.Francis,21992,27808,316,2736
St.Francois,124932,11168,652,2226
St.HelenaParish,9270,9784,40,412
St.JamesParish,20990,19264,160,774
St.Johns,469108,28948,16324,39518
St.JohntheBaptistParish,32892,47608,1292,5714
St.Joseph,547526,74284,14748,59880
St.LandryParish,92344,64604,756,3880
St.Lawrence,201994,8816,2212,5188
St.Louis,1716724,452144,94988,67054
St.Louiscity,289298,249632,21140,25086
St.Lucie,483032,135944,10712,130620
St.MartinParish,71436,30648,968,3206
St.Mary's,177190,33072,5728,12684
St.MaryParish,60966,30368,1916,7096
St.TammanyParish,433492,62444,6828,30632
Stafford,224710,61252,9464,44456
Stanislaus,916996,39608,65028,524136
Stanley,5470,64,8,148
Stanly,105972,14616,2620,5572
Stanton,15130,180,60,2194
Stark,720436,60116,7208,20304
Starke,44880,228,68,1908
Starr,127476,580,308,124552
Stauntoncity,41626,5432,564,1650
Ste.Genevieve,34596,432,80,448
Stearns,282014,26508,7452,11474
Steele,72070,2864,700,6076
Stephens,135964,7824,1156,13662
Stephenson,75986,9228,544,3828
Sterling,2412,76,12,1054
Steuben,247702,4772,3656,5844
Stevens,110002,1004,1028,9132
Stewart,31898,8324,996,5378
Stillwater,18484,72,112,824
Stoddard,56110,860,144,1068
Stokes,85458,3800,344,3014
Stone,114472,7524,396,2772
Stonewall,2474,92,32,484
Storey,7498,172,148,660
Story,168236,6752,18212,7160
Strafford,241630,4712,10040,7244
Stutsman,38816,988,448,1082
Sublette,18786,220,144,1404
Suffolk,3479712,615520,262004,971778
Suffolkcity,95986,73084,3176,8600
Sullivan,571578,31420,5924,36448
Sully,2632,16,8,68
Summers,23436,488,64,450
Summit,984296,153928,44292,43582
Sumner,378262,30792,5868,22856
Sumter,373516,164844,5568,28598
Sunflower,12404,38992,208,986
Surry,140462,10992,992,16276
Susquehanna,78686,584,288,1430
Sussex,660034,79360,11424,70102
Sutter,140990,5776,32428,61814
Sutton,7260,100,32,4818
Suwannee,74832,12764,528,8818
Swain,18000,348,200,1644
SweetGrass,7118,32,36,218
Sweetwater,79396,1388,812,13544
Swift,17528,240,92,968
Swisher,12818,1696,60,6672
Switzerland,20808,484,40,408
Talbot,67218,15000,968,5714
Taliaferro,1264,1648,28,124
Talladega,102484,48976,984,3826
Tallahatchie,11112,16052,472,1902
Tallapoosa,56944,20408,416,2042
Tama,29268,432,128,3632
Taney,104586,2136,1116,6968
TangipahoaParish,180162,76276,1824,11882
Taos,57498,612,516,37002
Tarrant,3053596,707332,232484,1239420
Tate,38028,16028,172,1562
Tattnall,33996,20000,340,6178
Taylor,408600,43440,6536,74766
Tazewell,329646,8320,2480,7396
Tehama,117474,1648,1804,33552
Telfair,19218,13900,328,4822
Teller,47636,540,376,3602
TensasParish,3794,4544,16,206
TerrebonneParish,156236,40440,2588,11332
Terrell,7788,9488,92,1288
Terry,22634,1464,140,13810
Teton,79636,564,768,11366
Texas,82000,6388,1588,19910
Thayer,9732,28,36,312
Thomas,70030,29704,828,4716
Throckmorton,2878,24,8,430
Thurston,479046,23496,32432,55324
Tift,53442,23292,1236,9908
Tillamook,50478,528,488,5668
Tillman,11840,1308,72,4068
Tioga,171846,1820,1016,3058
Tippah,35618,7032,100,2130
Tippecanoe,323676,22500,39688,34126
Tipton,125374,22488,812,4442
Tishomingo,37160,1032,68,1330
Titus,55512,6080,756,28872
Todd,71138,2632,648,5296
Tolland,267116,12848,15672,17722
TomGreen,216026,11312,3260,97068
Tompkins,165856,9124,21828,11038
Tooele,135976,1532,1064,18710
Toole,8496,140,72,418
Toombs,37768,12784,392,6346
Torrance,27780,948,140,13540
Towner,4066,24,8,118
Towns,23172,280,196,778
Traill,15240,220,40,596
Transylvania,64246,2688,404,2336
Traverse,5854,48,52,258
Travis,2030900,224012,189424,857142
Treasure,1302,0,12,58
Trego,5414,48,32,148
Trempealeau,57084,392,340,5318
Treutlen,9156,4308,48,416
Trigg,26360,1988,84,708
Trimble,16302,132,84,562
Trinity,47066,2744,476,4942
Tripp,8758,72,28,288
Troup,82204,47092,3448,5218
Trousdale,19314,3524,48,568
Trumbull,350040,32884,1884,7662
Tucker,13402,80,52,122
Tulare,822060,20684,35644,611648
Tulsa,943242,132736,45792,173172
Tunica,3884,13600,168,482
Tuolumne,98416,3628,1408,13812
Turner,25324,6192,200,1214
Tuscaloosa,268882,122924,6884,16616
Tuscarawas,177166,2116,620,5874
Tuscola,100558,1828,308,3746
Twiggs,9216,6360,44,438
TwinFalls,162768,1568,2616,29690
Tyler,53974,6560,256,3712
Tyrrell,4554,3976,152,752
Uinta,38554,308,152,3742
Uintah,62934,620,380,6026
Ulster,310134,29668,6856,37676
Umatilla,140896,2740,1760,43024
Unicoi,34844,252,60,1960
Union,1747020,386848,87792,449710
UnionParish,32312,10500,120,2158
Upshur,120562,7008,636,8266
Upson,36186,13484,328,1256
Upton,6684,228,48,3976
Utah,1179582,11656,22000,154910
Uvalde,51094,784,408,38890
ValVerde,92760,2336,848,80678
Valdez-CordovaCensusArea,13284,192,988,1036
Valencia,135674,3192,1040,93746
Valley,42754,236,272,1768
VanBuren,195306,6368,1064,19204
VanWert,54646,792,136,2112
VanZandt,105976,3392,588,13198
Vance,40152,41608,496,7350
Vanderburgh,310066,35100,4892,10310
Venango,98098,1584,380,1118
Ventura,1422174,43360,122244,731670
Vermilion,124474,22220,1200,7964
VermilionParish,96952,15920,2512,4328
Vermillion,30182,184,92,406
Vernon,99562,716,460,1934
VernonParish,73632,14824,1556,8958
Victoria,164752,12012,2324,88104
Vigo,187546,19072,4488,6012
Vilas,38388,212,268,1240
Vinton,25394,172,56,234
VirginiaBeachcity,606364,175080,61460,76470
Volusia,926582,122728,20584,165898
Wabash,81908,788,636,2420
Wabasha,42040,300,244,1308
Wabaunsee,13226,124,28,634
Wadena,26120,364,92,582
Wagoner,124072,6428,2652,10932
Wahkiakum,8182,76,124,516
Wake,1508702,431424,169616,231062
Wakulla,55596,12704,408,2648
Waldo,76736,620,400,1310
Walker,350984,57480,3516,33232
WallaWalla,111016,4076,1692,26332
Wallace,2912,40,0,276
Waller,78410,25812,1496,34304
Wallowa,13780,72,44,514
Walsh,20070,148,176,2544
Walthall,15520,11736,136,622
Walton,278726,42808,4648,18896
Walworth,207670,2880,2348,23538
Wapello,63560,3140,1180,7796
Ward,139820,9140,2640,21834
Ware,47408,22468,728,3148
Warren,1445156,141216,53724,79664
Warrick,117980,2492,3176,2498
Wasatch,65064,704,620,9312
Wasco,48542,488,440,10252
Waseca,35168,584,332,2372
Washakie,14754,100,100,2216
Washburn,29988,132,188,614
Washington,4541160,306824,216460,449044
WashingtonParish,62220,27676,296,2302
Washita,19770,360,72,2192
Washoe,797956,28820,50084,235768
Washtenaw,545802,89196,68784,36150
Watauga,106538,2344,1108,4522
Watonwan,20722,276,236,5870
Waukesha,747540,14928,30044,39706
Waupaca,98762,780,460,3354
Waushara,46528,1876,184,3148
Wayne,2977098,1382248,130816,278090
Waynesborocity,36530,5748,744,3932
Weakley,59238,4996,848,1960
Webb,539880,4716,3380,527796
Weber,479992,10240,7716,97514
Webster,206324,13140,1296,8158
WebsterParish,48456,25140,272,1626
Weld,599822,12260,11332,194694
Wells,62290,616,268,1970
WestBatonRougeParish,30508,20148,440,1802
WestCarrollParish,17590,3844,56,932
WestFelicianaParish,16748,21264,64,514
Westchester,1416052,300652,115204,494340
Westmoreland,685606,28448,6672,11446
Weston,12908,128,136,570
Wetzel,29466,204,88,332
Wexford,64460,580,464,1420
Wharton,69672,10884,448,35404
Whatcom,395430,6732,19900,44978
Wheatland,3944,36,16,200
Wheeler,22814,9208,160,3572
White,327986,10788,2208,15288
WhitePine,16396,1764,236,3200
Whiteside,105176,2228,504,13628
Whitfield,189562,9580,3168,76028
Whitley,136378,1204,700,2546
Whitman,84018,2712,8500,6520
Wibaux,1872,8,12,72
Wichita,222024,32508,5332,53740
Wicomico,137278,53248,5896,11484
Wilbarger,21578,2196,880,7612
Wilcox,16578,21756,208,1156
Wilkes,137752,14324,872,10506
Wilkin,11830,96,56,382
Wilkinson,15478,19340,88,732
Will,1094084,165868,80044,250750
Willacy,40598,1764,556,37816
Williams,135404,6196,992,10350
Williamsburg,20016,36276,580,1370
Williamsburgcity,22026,4316,1588,2138
Williamson,1495352,114520,119188,320288
Wilson,459488,84032,7668,72746
Winchestercity,45724,6528,1484,10254
Windham,294748,9772,4084,31132
Windsor,105600,1292,904,2036
Winkler,14796,672,152,9908
WinnParish,18426,10084,52,592
Winnebago,785314,86848,25728,92396
Winneshiek,38746,384,452,948
Winona,94612,1904,2628,3114
Winston,63514,16708,252,2060
Wirt,11372,56,28,102
Wise,201786,10164,1196,28854
Wolfe,14026,68,28,142
Wood,625410,16868,8976,31054
Woodbury,177358,10840,5820,35836
Woodford,123840,3256,920,5140
Woodruff,8944,3088,48,280
Woods,15616,1048,260,1324
Woodson,5952,48,4,208
Woodward,36704,1440,300,5430
Worcester,1510248,115876,89068,206078
Worth,46358,10576,276,1546
WrangellCityandBorough,3442,40,156,152
Wright,320672,5832,3928,12806
Wyandot,42430,232,340,1464
Wyandotte,222130,69992,19328,98732
Wyoming,165400,9480,668,4020
Wythe,54248,1804,308,798
Yadkin,70764,2668,308,8676
Yakima,436322,8612,7508,251632
YakutatCityandBorough,402,44,80,54
Yalobusha,14352,8904,32,414
Yamhill,195696,3408,3908,34758
Yancey,34842,492,88,1996
Yankton,41908,1624,412,2328
Yates,48220,536,228,1136
Yavapai,438556,4812,5024,69282
Yazoo,24042,39040,444,5066
Yell,40060,988,552,8742
YellowMedicine,18030,184,96,998
Yellowstone,291870,2960,2024,18818
Yoakum,16520,276,104,11766
Yolo,326282,13132,61904,140784
York,1741768,188088,39768,124312
Young,34052,680,260,6970
Yuba,123328,7636,11348,45850
Yukon-KoyukukCensusArea,2462,96,16,328
Yuma,409412,14556,6232,281298
Zapata,27900,196,56,26858
Zavala,22856,344,80,22270
Ziebach,1348,44,12,218
